School,Owner,Bid,Projected,Actual,Difference,PerformanceRatio,PointsPerDollar
North Carolina,AJ,18,61,35,-26,0.57377046,1.9444444
USC,Jared,35,77,50,-27,0.64935064,1.4285715
Ohio State,AJ,29,81,35,-46,0.43209878,1.2068965
Notre Dame,Jawad,20,83,35,-48,0.42168674,1.75
LSU,Jared,69,131,70,-61,0.53435117,1.0144928
Alabama,AJ,60,174,35,-139,0.20114942,0.5833333
