School,Owner,Bid,Projected,Actual,Difference,PerformanceRatio,PointsPerDollar
Boise State,Jawad,27,42,35,-7,0.8333333,1.2962962
Colorado,Tilo,35,84,45,-39,0.53571427,1.2857143
Miami (FL),Jared,32,89,40,-49,0.4494382,1.25
Penn State,AJ,44,100,35,-65,0.35,0.79545456
LSU,Ross,31,109,35,-74,0.32110092,1.1290323
Michigan,Jawad,140,148,45,-103,0.30405405,0.32142857
